{
  "engine": "horror",
  "version": 1,
  "timestamp": "2026-06-29T08:26:39Z",
  "total_crimes": 104,
  "total_perps": 38,
  "categories": 14,
  "crime_eigenvalues": [
    18.4263,
    8.0288,
    3.4795,
    2.8657,
    2.1524,
    1.9394,
    1.696,
    1.3016,
    1.22,
    1.192
  ],
  "perp_eigenvalues": [
    18.4263,
    8.0288,
    3.4795,
    2.8657,
    2.1524,
    1.9394,
    1.696,
    1.3016,
    1.22,
    1.192
  ],
  "dominant_crime_eigenvalue": 18.4263,
  "dominant_perp_eigenvalue": 18.4263,
  "top_crimes": [
    [
      "intergenerational_toxin",
      0.021456202560264724,
      0.5544
    ],
    [
      "water_contamination_concealment",
      0.02072474110934661,
      0.5355
    ],
    [
      "bribe_network_international",
      0.02027403354269245,
      0.5355
    ],
    [
      "housing_as_weapon",
      0.019868931471904758,
      0.5248
    ],
    [
      "gentrification_weapon",
      0.019308603373992813,
      0.51
    ],
    [
      "eviction_as_violence",
      0.01889971530254355,
      0.4992
    ],
    [
      "land_grab",
      0.017520140507673854,
      0.5057
    ],
    [
      "water_table_depletion",
      0.017130185835901805,
      0.476
    ],
    [
      "forced_labor_corporate",
      0.01659711129543186,
      0.4858
    ],
    [
      "conflict_mineral_trade",
      0.016436395990363596,
      0.4752
    ],
    [
      "ip_theft",
      0.016262299252008162,
      0.476
    ],
    [
      "ocean_acidification_concealment",
      0.016262299252008162,
      0.476
    ],
    [
      "sanctions_evasion",
      0.015992066794459924,
      0.4224
    ],
    [
      "illegal_fishing",
      0.015688335748996113,
      0.4592
    ],
    [
      "indigenous_land_violation",
      0.01568150285015073,
      0.459
    ],
    [
      "timber_trafficking",
      0.015359953063819556,
      0.4305
    ],
    [
      "sovereignty_violation",
      0.015333025009036267,
      0.4488
    ],
    [
      "food_desert_engineering",
      0.01493469910617391,
      0.4305
    ],
    [
      "forbidden_knowledge_suppression",
      0.01433751657299996,
      0.5152
    ],
    [
      "wildlife_trafficking",
      0.014043385658349304,
      0.3936
    ]
  ],
  "top_perps": [
    [
      "state_actors",
      0.32292223461342756
    ],
    [
      "corps",
      0.24299299569020277
    ],
    [
      "military",
      0.07515561329491642
    ],
    [
      "intel",
      0.062894065364636
    ],
    [
      "banks",
      0.061214040831030436
    ],
    [
      "tech",
      0.04704040826096865
    ],
    [
      "agricultural",
      0.03020177088064286
    ],
    [
      "criminals",
      0.025092442463401532
    ],
    [
      "pharma",
      0.018160805702731365
    ],
    [
      "religious",
      0.011535166387272403
    ],
    [
      "food_industry",
      0.008729869557164836
    ],
    [
      "sovereign_wealth",
      0.007964674377983894
    ],
    [
      "mining",
      0.007853293167691566
    ],
    [
      "cartels",
      0.007021348258116004
    ],
    [
      "colonial_powers",
      0.0065615557743298105
    ],
    [
      "tech_companies",
      0.005824902956697099
    ],
    [
      "law_enforcement",
      0.005171406274702131
    ],
    [
      "medical",
      0.004576927074921383
    ],
    [
      "chemical",
      0.004318811889116802
    ],
    [
      "hedge_funds",
      0.004174823277658845
    ]
  ],
  "crime_communities": {
    "5": [
      "cognitive_sovereignty_violation",
      "planned_obsolescence",
      "data_breach_negligence",
      "right_to_repair_violation",
      "consumer_fraud_systematic",
      "ai_washing_fraud",
      "patent_hoarding",
      "memory_hole",
      "autonomous_ai_crime"
    ],
    "1": [
      "dark_pattern_deception",
      "data_colonialism",
      "enshitification",
      "platform_monopoly_abuse",
      "content_moderation_bias",
      "orphan_drug_exploitation"
    ],
    "2": [
      "automated_decision_harm",
      "constitutional_violation",
      "deepfake_weaponization",
      "narcotic_state_trade",
      "predictive_policing_bias",
      "synthetic_media_election",
      "election_hacking",
      "geneva_convention_violation",
      "mass_displacement_weapon",
      "siege_warfare_civilian",
      "sexual_violence_weapon",
      "depleted_uranium_generational",
      "medical_experimentation",
      "extraordinary_rendition",
      "space_weaponization",
      "child_soldier_recruitment",
      "black_site_operation",
      "weather_warfare",
      "human_shield_forcing"
    ],
    "7": [
      "intergenerational_toxin",
      "water_contamination_concealment",
      "land_grab",
      "forced_labor_corporate",
      "ocean_acidification_concealment",
      "ip_theft",
      "conflict_mineral_trade",
      "illegal_fishing",
      "indigenous_land_violation",
      "sovereignty_violation",
      "food_desert_engineering",
      "water_privatization",
      "economic_sabotage",
      "space_debris_pollution",
      "geoengineering_covert",
      "antarctic_exploitation",
      "sentient_ai_rights_violation"
    ],
    "3": [
      "international_law_violation",
      "crypto_crime",
      "treaty_violation",
      "forbidden_knowledge_suppression",
      "cyber_warfare_state",
      "asylum_denial_illegal",
      "judicial_corruption",
      "vaccine_disinformation",
      "assassination_program",
      "cultural_genocide",
      "infrastructure_sabotage",
      "child_separation_policy",
      "education_denial",
      "cultural_artifact_trafficking",
      "prison_gerrymandering",
      "language_extinction",
      "forced_sterilization",
      "conversion_therapy_abuse",
      "forced_marriage_state",
      "concentration_camp_operation"
    ],
    "4": [
      "wealth_concealment_elite",
      "shadow_banking_crime",
      "bribe_network_international",
      "digital_redlining",
      "housing_as_weapon",
      "audit_fraud",
      "gentrification_weapon",
      "eviction_as_violence",
      "credit_rating_fraud",
      "commarket_manipulation",
      "sanctions_evasion",
      "sovereign_debt_weapon",
      "vulture_fund_harm"
    ],
    "0": [
      "pesticide_harm_concealment",
      "tobacco_continued_targeting",
      "deepfake_abuse_personal",
      "antibiotic_resistance_agriculture",
      "worker_safety_homicide",
      "agricultural_monopoly",
      "epistemic_violence",
      "water_table_depletion",
      "historical_revisionism",
      "timber_trafficking",
      "seed_patent_extortion",
      "wildlife_trafficking",
      "deep_sea_mining",
      "biopiracy",
      "genetic_resource_theft"
    ],
    "6": [
      "academic_capture",
      "scientific_fraud_health",
      "pharma_experimentation_developing",
      "wage_theft",
      "asbestos_continued_use"
    ]
  },
  "perp_communities": {
    "0": [
      "agricultural",
      "agriculture",
      "auction_houses",
      "chemical",
      "chemical_industry",
      "colonial_powers",
      "criminals",
      "financial_banks",
      "food_industry",
      "individuals",
      "mining",
      "political",
      "religious",
      "small_business",
      "tobacco_corps",
      "universities"
    ],
    "2": [
      "ai_systems",
      "intel",
      "law_enforcement",
      "medical",
      "non_state_actors"
    ],
    "4": [
      "banks",
      "hedge_funds",
      "pharma",
      "wealthy_individuals"
    ],
    "3": [
      "billionaires",
      "cartels",
      "disinfo_networks",
      "judicial",
      "military",
      "political_groups",
      "prison_complex",
      "religious_institutions",
      "sovereign_wealth"
    ],
    "6": [
      "corps"
    ],
    "7": [
      "state_actors"
    ],
    "5": [
      "tech"
    ],
    "1": [
      "tech_companies"
    ]
  },
  "avg_score": 0.4487,
  "elevated_count": 36
}