{
  "health": "PASS",
  "N_int": 112,
  "round": 160,
  "poly_c_stored": 0.62833,
  "poly_c_recalc": 0.628337,
  "delta": 7.44e-06,
  "probe_match": true,
  "last_run": "2026-02-24T06:31:47.258516+00:00",
  "last_round": 160
}