{
  "health": "PASS",
  "N_int": 122,
  "round": 170,
  "poly_c_stored": 0.446088,
  "poly_c_recalc": 0.446088,
  "delta": 1.2e-07,
  "probe_match": true,
  "last_run": "2026-02-24T10:31:02.584112+00:00",
  "last_round": 170
}