{"health": "PASS", "N_int": 102, "round": 150, "poly_c_stored": 0.514917, "poly_c_recalc": 0.516403, "delta": 0.00148595, "probe_match": true, "last_run": "2026-02-24T02:33:12+00:00", "last_round": 150}